Open,High,Low,Close,Adj Close,Volume
10585.2900390625,10700.8603515625,10580.919921875,10699.8203125,10699.8203125,55983600
10652.7802734375,10675.6201171875,10548.48046875,10665.41015625,10665.41015625,51779100
10714.23046875,10747.1904296875,10655.2900390625,10686.7998046875,10686.7998046875,65947700
10628.08984375,10681.400390625,10616.6298828125,10652.16015625,10652.16015625,59629500
10721.8701171875,10744.919921875,10645.8203125,10650.9697265625,10650.9697265625,53942900
10678.41015625,10688.7001953125,10638.9404296875,10639.490234375,10639.490234375,50655200
10645.2998046875,10680.4697265625,10592.400390625,10622.41015625,10622.41015625,48635900
10616.6201171875,10655.8203125,10536.2802734375,10655.8203125,10655.8203125,64275700
10656.3095703125,10691.3701171875,10620.349609375,10670.740234375,10670.740234375,59856300
10687.2099609375,10693.51953125,10639.6298828125,10693.51953125,10693.51953125,48681500
10723.7001953125,10849.2900390625,10715.919921875,10841.8203125,10841.8203125,71403400
10844.1103515625,10867.16015625,10835.3095703125,10846.2900390625,10846.2900390625,44762500
10825.919921875,10884.509765625,10767.5400390625,10884.509765625,10884.509765625,87421800
10907.16015625,10960.75,10893.2802734375,10895.0703125,10895.0703125,67115300
10889.0595703125,10905.4296875,10798.6201171875,10813.9404296875,10813.9404296875,62666500
10865.9599609375,10913.2001953125,10845.6904296875,10849.75,10849.75,56103300
10762.6201171875,10780.919921875,10639.75,10675.9599609375,10675.9599609375,70880100
10729.66015625,10789.169921875,10662.0703125,10781.98046875,10781.98046875,61402100
10795.4599609375,10880.4404296875,10772.6298828125,10859.8798828125,10859.8798828125,54346500
10805.490234375,10812.6396484375,10716.490234375,10748.919921875,10748.919921875,65632500
10814.2802734375,10815.6201171875,10616.8095703125,10627.8798828125,10627.8798828125,70815000
10650.01953125,10694.759765625,10598.1201171875,10664.9501953125,10664.9501953125,51976700
10707.4404296875,10800.6396484375,10693.3203125,10800.6396484375,10800.6396484375,59234000
10789.7197265625,11006.7197265625,10781.5703125,10994.150390625,10994.150390625,84395500
11040.169921875,11061.1796875,10979.8203125,11012.3603515625,11012.3603515625,62980000
10995.650390625,11015.6103515625,10958.4501953125,11001.5302734375,11001.5302734375,83740300
10968.1396484375,11039.7802734375,10963.51953125,11039.7802734375,11039.7802734375,51327200
11079.7802734375,11114.3896484375,11071.5703125,11101.169921875,11101.169921875,57263500
11094.009765625,11119.8896484375,11074.5595703125,11089.240234375,11089.240234375,59034500
11071.3896484375,11092.349609375,11008.509765625,11092.349609375,11092.349609375,79169100
11105.6103515625,11152.5703125,11078.9501953125,11128.8095703125,11128.8095703125,54159800
11156.240234375,11180.98046875,11136.3603515625,11168.4501953125,11168.4501953125,37288000
11094.8701171875,11178.650390625,11094.08984375,11146.2802734375,11146.2802734375,51959000
11189.8095703125,11264.330078125,11173.66015625,11263.009765625,11263.009765625,58003500
11255.66015625,11270.0,11154.5302734375,11154.5302734375,11154.5302734375,93014600
11108.26953125,11172.4404296875,11057.5302734375,11110.7802734375,11110.7802734375,106251300
11086.0,11086.849609375,10650.0703125,10712.83984375,10712.83984375,126829400
10749.58984375,10779.150390625,10467.2099609375,10478.509765625,10478.509765625,102515000
10405.2998046875,10546.669921875,10216.5498046875,10512.150390625,10512.150390625,114156000
10456.8203125,10461.169921875,10094.919921875,10205.4599609375,10205.4599609375,144743200
10205.4599609375,10205.4599609375,9725.3203125,9831.0302734375,9831.0302734375,183600400
9844.26953125,10136.6201171875,9790.419921875,9950.830078125,9950.830078125,155090700
9999.51953125,10286.2900390625,9990.6103515625,10087.400390625,10087.400390625,139053100
10128.759765625,10296.0302734375,10072.23046875,10251.3896484375,10251.3896484375,103471100
10303.759765625,10321.419921875,10045.099609375,10143.5703125,10143.5703125,106754000
10139.7802734375,10142.3095703125,9652.509765625,9736.8203125,9736.8203125,142806600
9736.8203125,9736.8203125,9059.1103515625,9196.599609375,9196.599609375,223193300
9247.6396484375,9576.0400390625,9150.5400390625,9195.9296875,9195.9296875,194117000
9256.4501953125,9373.919921875,9130.1904296875,9152.5,9152.5,146253700
9152.5,9152.5,8168.85986328125,8270.4404296875,8270.4404296875,265735200
8282.509765625,9042.5400390625,8266.48046875,8367.5595703125,8367.5595703125,231693100
8360.08984375,8391.2099609375,7650.22998046875,8227.080078125,8227.080078125,203959400
8227.080078125,8627.48046875,7953.52978515625,8493.0400390625,8493.0400390625,154196900
8493.0400390625,8493.0400390625,8094.89990234375,8338.740234375,8338.740234375,211120400
8361.08984375,8782.240234375,8327.8603515625,8782.240234375,8782.240234375,187655200
8782.150390625,9174.580078125,8623.8603515625,8623.8603515625,8623.8603515625,255263700
8623.8603515625,8642.419921875,8160.7900390625,8160.7900390625,8160.7900390625,150088900
8187.509765625,8733.3203125,8187.02001953125,8733.3203125,8733.3203125,140992000
8772.01953125,9136.830078125,8664.4404296875,8989.16015625,8989.16015625,148182700
8895.1796875,9203.98046875,8824.16015625,9203.98046875,9203.98046875,125626100
9174.9501953125,9192.9697265625,8868.0498046875,8996.3701171875,8996.3701171875,110296800
9047.7099609375,9174.3896484375,8866.349609375,9174.3896484375,9174.3896484375,94710900
9184.7802734375,9370.849609375,9155.1103515625,9311.919921875,9311.919921875,107286200
9311.919921875,9311.919921875,9036.73046875,9168.98046875,9168.98046875,88874800
9212.08984375,9318.6103515625,9075.150390625,9270.9599609375,9270.9599609375,83439000
9281.330078125,9309.8701171875,9219.099609375,9242.4404296875,9242.4404296875,70420600
9259.73046875,9522.1103515625,9259.08984375,9462.33984375,9462.33984375,81874800
9470.48046875,9695.83984375,9450.75,9514.599609375,9514.599609375,98119700
9427.41015625,9452.9404296875,9350.2197265625,9432.3896484375,9432.3896484375,70188800
9465.8603515625,9550.3701171875,9321.9296875,9452.830078125,9452.830078125,96880600
9507.4599609375,9613.76953125,9499.23046875,9538.6103515625,9538.6103515625,78263800
9529.6796875,9568.099609375,9309.9404296875,9320.2001953125,9320.2001953125,82825400
9416.2001953125,9474.7998046875,9381.2001953125,9439.91015625,9439.91015625,89572200
9455.16015625,9663.0302734375,9453.66015625,9612.830078125,9612.830078125,116140800
9669.3203125,9785.26953125,9583.669921875,9785.26953125,9785.26953125,67183500
9734.9599609375,9762.740234375,9544.4697265625,9547.849609375,9547.849609375,73139400
9620.8896484375,9650.580078125,9566.5400390625,9630.5595703125,9630.5595703125,62898100
9625.75,9701.599609375,9529.990234375,9625.48046875,9625.48046875,75278400
9560.0,9679.6904296875,9552.349609375,9625.650390625,9625.650390625,69740700
9610.400390625,9784.58984375,9610.400390625,9758.8203125,9758.8203125,77380000
9787.3896484375,9948.83984375,9780.9501953125,9889.4599609375,9889.4599609375,117984300
9847.41015625,9895.009765625,9799.080078125,9865.3203125,9865.3203125,106556400
9850.8701171875,9877.2998046875,9629.400390625,9629.400390625,9629.400390625,113042100
9618.9296875,9619.3798828125,9389.66015625,9390.26953125,9390.26953125,104022600
9444.580078125,9512.169921875,9416.1396484375,9512.169921875,9512.169921875,79360900
9506.2802734375,9597.330078125,9480.099609375,9571.7001953125,9571.7001953125,68767700
9609.1298828125,9635.9599609375,9555.6103515625,9617.98046875,9617.98046875,65780900
9666.66015625,9688.6298828125,9628.759765625,9665.349609375,9665.349609375,43191400
9679.5302734375,9726.240234375,9590.740234375,9689.7099609375,9689.7099609375,55080300
9693.0595703125,9760.5400390625,9674.0703125,9733.5302734375,9733.5302734375,54570300
9679.8798828125,9694.3603515625,9621.490234375,9631.6201171875,9631.6201171875,78830600
9581.599609375,9592.5,9393.4697265625,9448.1396484375,9448.1396484375,94220400
9526.4404296875,9576.5703125,9474.1396484375,9483.099609375,9483.099609375,71676100
9536.7197265625,9740.76953125,9533.7998046875,9740.76953125,9740.76953125,74284300
9741.2099609375,9785.1796875,9703.6103515625,9764.23046875,9764.23046875,80453000
9731.900390625,9790.849609375,9716.75,9790.849609375,9790.849609375,60840300
9713.75,9729.2900390625,9604.3701171875,9688.990234375,9688.990234375,72600200
9743.1298828125,9832.349609375,9711.75,9824.5400390625,9824.5400390625,42222900
9879.0595703125,9884.330078125,9790.25,9830.830078125,9830.830078125,81597300
9853.900390625,9856.91015625,9673.150390625,9716.51953125,9716.51953125,115382400
9776.9296875,9966.0498046875,9769.4501953125,9926.0302734375,9926.0302734375,101197200
9918.5,9944.5302734375,9823.73046875,9831.490234375,9831.490234375,135187200
9874.83984375,9979.1796875,9872.9599609375,9951.4501953125,9951.4501953125,93010000
9962.2197265625,10183.849609375,9954.08984375,10183.76953125,10183.76953125,112950100
10152.58984375,10203.91015625,10024.01953125,10075.6796875,10075.6796875,97600400
10082.5595703125,10190.3701171875,10061.830078125,10190.3701171875,10190.3701171875,100087300
10114.01953125,10188.2998046875,10082.0498046875,10152.76953125,10152.76953125,85224500
10153.3896484375,10206.6396484375,10112.4296875,10184.8203125,10184.8203125,98868000
10190.0703125,10218.259765625,10122.3798828125,10147.1796875,10147.1796875,83175100
10108.1796875,10116.7099609375,9828.580078125,9828.580078125,9828.580078125,101233600
9800.009765625,9913.900390625,9723.8896484375,9796.3701171875,9796.3701171875,74554900
9762.9501953125,9874.6103515625,9633.2001953125,9842.5595703125,9842.5595703125,74227700
9873.4501953125,10098.5,9869.25,10034.2900390625,10034.2900390625,87519800
10084.099609375,10218.0498046875,10074.9501953125,10202.1904296875,10202.1904296875,66131700
10191.8798828125,10218.58984375,10131.6796875,10186.5,10186.5,72280400
10226.5302734375,10291.4599609375,10200.4599609375,10266.2900390625,10266.2900390625,157011600
10196.01953125,10272.9404296875,10144.8603515625,10151.1298828125,10151.1298828125,56464800
10205.7197265625,10265.8203125,10180.8095703125,10246.5595703125,10246.5595703125,67986900
10187.7802734375,10216.51953125,10021.990234375,10021.990234375,10021.990234375,75172800
9976.0,10089.830078125,9925.9599609375,10089.830078125,10089.830078125,68197000
10163.91015625,10172.150390625,10018.2001953125,10041.91015625,10041.91015625,68579300
10021.8896484375,10080.849609375,10004.259765625,10060.4599609375,10060.4599609375,54857000
10070.9599609375,10077.23046875,10000.8203125,10045.2998046875,10045.2998046875,53420200
10027.4501953125,10142.2197265625,9991.490234375,10089.669921875,10089.669921875,62466500
10157.830078125,10187.5595703125,10113.0302734375,10187.5595703125,10187.5595703125,66545900
10204.490234375,10210.150390625,10110.25,10125.83984375,10125.83984375,33570300
10248.8798828125,10268.1904296875,10197.3798828125,10253.3798828125,10253.3798828125,50513400
10213.5400390625,10228.8603515625,10157.51953125,10207.9599609375,10207.9599609375,46365500
10150.6201171875,10224.0703125,10145.3896484375,10178.41015625,10178.41015625,50649200
10219.150390625,10265.830078125,10117.650390625,10143.3798828125,10143.3798828125,50169700
10114.919921875,10242.3798828125,10113.490234375,10229.9697265625,10229.9697265625,47714100
10298.8203125,10304.0400390625,10220.330078125,10300.9599609375,10300.9599609375,50905300
10204.8798828125,10259.5,10117.6396484375,10259.5,10259.5,64966000
10358.830078125,10501.33984375,10330.419921875,10460.009765625,10460.009765625,62956800
10402.240234375,10433.4296875,10356.7001953125,10433.4296875,10433.4296875,50418800
10428.900390625,10430.8896484375,10370.7197265625,10410.51953125,10410.51953125,45170400
10388.16015625,10491.08984375,10341.51953125,10470.919921875,10470.919921875,45227100
10495.2001953125,10535.330078125,10421.830078125,10444.0498046875,10444.0498046875,68407500
10406.2099609375,10447.990234375,10375.98046875,10439.0400390625,10439.0400390625,60036500
10456.66015625,10477.48046875,10367.6396484375,10383.3798828125,10383.3798828125,58846800
10271.3798828125,10273.2802734375,10181.2998046875,10214.2099609375,10214.2099609375,50387400
10174.7197265625,10297.23046875,10174.2802734375,10272.33984375,10272.33984375,46193800
10292.2197265625,10320.2001953125,10222.8896484375,10277.2001953125,10277.2001953125,55779300
10276.9404296875,10295.51953125,10242.400390625,10272.8095703125,10272.8095703125,54817100
10267.6103515625,10274.0400390625,10007.849609375,10095.33984375,10095.33984375,73533200
10127.0302734375,10199.6201171875,9984.990234375,10005.900390625,10005.900390625,70667400
10013.3603515625,10279.7998046875,9999.5498046875,10229.669921875,10229.669921875,57347300
10244.98046875,10256.919921875,10107.2900390625,10162.0400390625,10162.0400390625,52029900
10199.3095703125,10220.8603515625,10097.8701171875,10097.9697265625,10097.9697265625,37789700
10084.9599609375,10149.900390625,10015.4599609375,10067.1298828125,10067.1298828125,47558100
10061.7001953125,10126.9296875,10039.0595703125,10068.0302734375,10068.0302734375,37232200
10080.48046875,10144.1103515625,10061.1904296875,10090.91015625,10090.91015625,40074900
10133.2900390625,10213.4697265625,10109.099609375,10153.240234375,10153.240234375,51399800
10142.6201171875,10290.8701171875,10134.73046875,10278.66015625,10278.66015625,49916100
10280.6298828125,10303.01953125,10243.26953125,10260.1103515625,10260.1103515625,41958000
10225.9296875,10235.4501953125,10095.2197265625,10163.599609375,10163.599609375,37951200
10174.919921875,10228.080078125,10120.41015625,10228.0595703125,10228.0595703125,32356400
10189.6396484375,10257.9404296875,10142.4599609375,10168.400390625,10168.400390625,43962300
10153.2998046875,10310.009765625,10139.3095703125,10310.009765625,10310.009765625,41386300
10233.5595703125,10276.58984375,10209.2001953125,10229.919921875,10229.919921875,40438100
10266.3701171875,10286.2197265625,10169.66015625,10218.2001953125,10218.2001953125,41312900
10313.66015625,10356.75,10280.9404296875,10308.3896484375,10308.3896484375,42550700
10330.099609375,10346.73046875,10231.25,10231.25,10231.25,43448300
10205.1796875,10321.3203125,10202.1298828125,10309.650390625,10309.650390625,33630900
10312.9296875,10331.4296875,10240.4599609375,10240.4599609375,10240.4599609375,39229000
10233.48046875,10254.400390625,10147.150390625,10164.490234375,10164.490234375,41039300
10196.2099609375,10245.01953125,10132.8095703125,10135.5595703125,10135.5595703125,50992800
10228.9697265625,10283.1103515625,10154.3798828125,10188.849609375,10188.849609375,53980700
10262.259765625,10415.6201171875,10254.599609375,10384.83984375,10384.83984375,61804500
10452.099609375,10511.1298828125,10195.83984375,10220.6396484375,10220.6396484375,73835100
10146.490234375,10309.5498046875,10091.98046875,10153.08984375,10153.08984375,62403800
10211.9501953125,10341.8701171875,10204.419921875,10297.7998046875,10297.7998046875,39089800
10320.83984375,10342.4599609375,10150.4404296875,10250.4404296875,10250.4404296875,57638000
10290.0498046875,10430.6396484375,10274.349609375,10406.5703125,10406.5703125,54823400
10394.8095703125,10425.7998046875,10333.5302734375,10387.4404296875,10387.4404296875,50728700
10358.6103515625,10474.330078125,10356.2802734375,10439.51953125,10439.51953125,48064900
10482.3896484375,10494.8603515625,10405.9599609375,10457.4296875,10457.4296875,67073800
10476.919921875,10562.01953125,10452.91015625,10520.0,10520.0,56924900
10519.740234375,10580.3798828125,10519.0302734375,10552.0400390625,10552.0400390625,60283500
10441.9404296875,10544.349609375,10438.6103515625,10519.330078125,10519.330078125,57363200
10532.259765625,10591.66015625,10508.3095703125,10539.169921875,10539.169921875,143369900
10470.2998046875,10495.490234375,10276.5,10325.4404296875,10325.4404296875,80012800
10364.150390625,10403.5498046875,10318.3203125,10355.5703125,10355.5703125,57844100
10368.650390625,10439.740234375,10327.5400390625,10330.0595703125,10330.0595703125,52697100
10237.4599609375,10269.1298828125,10156.0498046875,10211.5302734375,10211.5302734375,61950200
10226.8095703125,10249.0703125,10118.080078125,10216.2802734375,10216.2802734375,64002500
10336.5,10359.6396484375,10261.4296875,10308.669921875,10308.669921875,56841800
10266.48046875,10284.9296875,10216.419921875,10229.2998046875,10229.2998046875,42698300
10183.26953125,10266.9697265625,10169.7802734375,10187.0,10187.0,56143300
10256.9501953125,10312.3701171875,10209.990234375,10238.1201171875,10238.1201171875,45560200
10143.6396484375,10252.400390625,10130.7900390625,10252.400390625,10252.400390625,41456300
10329.66015625,10345.330078125,10273.3603515625,10303.0595703125,10303.0595703125,44896300
10292.669921875,10295.0595703125,10197.4697265625,10233.16015625,10233.16015625,49718300
10227.259765625,10268.25,10158.1904296875,10187.8798828125,10187.8798828125,44272300
10229.919921875,10307.8896484375,10195.6201171875,10270.240234375,10270.240234375,53936700
10288.5302734375,10331.2001953125,10276.91015625,10320.0302734375,10320.0302734375,42461700
10323.759765625,10390.400390625,10312.3798828125,10364.099609375,10364.099609375,42308100
10371.2099609375,10407.009765625,10316.6201171875,10336.3603515625,10336.3603515625,49894500
10360.76953125,10386.0302734375,10275.1396484375,10292.66015625,10292.66015625,43403900
10173.7802734375,10173.7802734375,10032.4697265625,10067.9599609375,10067.9599609375,59476300
10116.8603515625,10251.580078125,10111.25,10207.1298828125,10207.1298828125,56280300
10263.169921875,10291.2802734375,10183.419921875,10184.3603515625,10184.3603515625,54076200
10169.8798828125,10204.98046875,10122.51953125,10146.23046875,10146.23046875,75468300
10147.419921875,10159.7001953125,9989.75,9989.75,9989.75,68040700
9943.73046875,9999.0498046875,9890.1103515625,9999.0498046875,9999.0498046875,56533300
9978.5,10061.4501953125,9971.3701171875,10023.900390625,10023.900390625,63848800
9956.349609375,10029.9697265625,9946.9296875,9985.6201171875,9985.6201171875,55498900
9978.509765625,10000.5595703125,9861.83984375,9887.490234375,9887.490234375,62059800
9803.240234375,9803.41015625,9563.080078125,9618.650390625,9618.650390625,84886400
9660.419921875,9670.650390625,9496.2197265625,9556.1396484375,9556.1396484375,82863100
9504.0595703125,9587.150390625,9494.51953125,9587.150390625,9587.150390625,76409800
9595.66015625,9802.5703125,9556.9296875,9791.6796875,9791.6796875,63103500
9821.1298828125,10003.8203125,9817.23046875,10003.8203125,10003.8203125,77857500
9996.5498046875,10301.26953125,9982.259765625,10286.7900390625,10286.7900390625,80496900
10333.6103515625,10381.01953125,10268.91015625,10306.349609375,10306.349609375,66638300
10263.3095703125,10350.3798828125,10221.650390625,10322.5703125,10322.5703125,58135700
10405.9697265625,10644.2197265625,10350.0498046875,10417.990234375,10417.990234375,117789800
10389.83984375,10422.669921875,10310.419921875,10360.6904296875,10360.6904296875,119435300
10369.4296875,10558.6298828125,10367.2197265625,10532.26953125,10532.26953125,67520600
10473.4404296875,10561.349609375,10459.41015625,10496.2001953125,10496.2001953125,59545100
10494.4501953125,10513.900390625,10464.099609375,10492.6103515625,10492.6103515625,53386000
10482.5595703125,10590.73046875,10460.6904296875,10586.740234375,10586.740234375,85383100
10582.2001953125,10628.41015625,10540.7197265625,10565.1201171875,10565.1201171875,72691100
10532.580078125,10619.259765625,10501.41015625,10563.8896484375,10563.8896484375,58946700
10475.4296875,10517.080078125,10468.41015625,10490.76953125,10490.76953125,64913500
10484.83984375,10528.330078125,10450.6103515625,10495.650390625,10495.650390625,68354200
10529.8896484375,10553.3203125,10453.91015625,10464.400390625,10464.400390625,64019800
10509.759765625,10514.9599609375,10435.01953125,10491.58984375,10491.58984375,77387500
10500.1103515625,10543.259765625,10481.98046875,10488.26953125,10488.26953125,80364600
10511.51953125,10524.8203125,10494.6904296875,10497.7900390625,10497.7900390625,41709200
10496.2998046875,10505.7900390625,10452.1396484375,10501.1796875,10501.1796875,49216200
10471.4296875,10551.16015625,10452.509765625,10476.4296875,10476.4296875,89565800
10473.330078125,10495.1796875,10421.099609375,10449.2099609375,10449.2099609375,65052200
10423.41015625,10476.349609375,10403.5400390625,10435.3603515625,10435.3603515625,67861900
10429.8798828125,10452.830078125,10325.5302734375,10342.6298828125,10342.6298828125,63801500
10369.08984375,10392.1796875,10338.91015625,10364.5,10364.5,108992400
10375.01953125,10422.9599609375,10337.419921875,10375.3798828125,10375.3798828125,49305400
10387.4404296875,10407.6201171875,10265.3095703125,10394.099609375,10394.099609375,48951200
10412.83984375,10469.150390625,10378.51953125,10430.01953125,10430.01953125,43138700
10462.509765625,10485.4501953125,10375.9501953125,10395.9599609375,10395.9599609375,66197100
10379.8896484375,10423.669921875,10291.98046875,10391.759765625,10391.759765625,51078000
10425.099609375,10459.76953125,10351.759765625,10373.0302734375,10373.0302734375,49927600
10359.8095703125,10391.240234375,10319.419921875,10341.1796875,10341.1796875,61571900
10381.51953125,10456.7802734375,10355.1396484375,10456.7802734375,10456.7802734375,78707400
10486.0302734375,10569.7001953125,10478.5,10540.3603515625,10540.3603515625,62311700
10543.5498046875,10594.650390625,10518.7001953125,10523.8603515625,10523.8603515625,105808900
10433.98046875,10449.3203125,10237.9404296875,10305.51953125,10305.51953125,63535700
10331.98046875,10413.9599609375,10329.990234375,10403.3701171875,10403.3701171875,37689600
10402.8896484375,10439.9404296875,10376.7802734375,10411.919921875,10411.919921875,37571400
10495.1298828125,10611.33984375,10495.1298828125,10603.490234375,10603.490234375,30110000
10618.7099609375,10683.83984375,10599.8095703125,10682.0400390625,10682.0400390625,34004000
10701.23046875,10749.6796875,10685.9404296875,10703.509765625,10703.509765625,35196000
10718.650390625,10793.599609375,10671.2802734375,10694.08984375,10694.08984375,55150900
10674.8701171875,10759.2001953125,10620.740234375,10747.080078125,10747.080078125,79431400
10743.5,10826.8701171875,10686.740234375,10778.669921875,10778.669921875,77904600
10828.5302734375,10838.8603515625,10777.41015625,10797.990234375,10797.990234375,66305000
10807.08984375,10883.23046875,10750.5400390625,10870.419921875,10870.419921875,50282000
10883.1904296875,10896.3603515625,10829.099609375,10875.25,10875.25,56736900
10874.2900390625,10907.08984375,10846.8798828125,10846.8798828125,10846.8798828125,47459000
10847.23046875,10891.8701171875,10809.080078125,10850.8095703125,10850.8095703125,45420600
10830.150390625,10901.2001953125,10825.23046875,10877.0595703125,10877.0595703125,78560900
10864.990234375,10900.9404296875,10850.5703125,10888.5400390625,10888.5400390625,33619400
10927.1796875,10944.8798828125,10869.4296875,10876.98046875,10876.98046875,48243600
10888.7900390625,10993.5400390625,10872.7998046875,10945.4599609375,10945.4599609375,43803000
10997.849609375,11004.4404296875,10908.7099609375,10913.1103515625,10913.1103515625,41193000
10980.33984375,11014.2802734375,10918.5595703125,10925.7001953125,10925.7001953125,55639400
10933.8798828125,11013.8095703125,10919.91015625,10964.0498046875,10964.0498046875,70503700
10921.599609375,11000.0498046875,10832.08984375,10904.240234375,10904.240234375,77861500
10821.740234375,10918.3603515625,10712.7802734375,10849.8203125,10849.8203125,63703300
10721.16015625,10742.8603515625,10591.0595703125,10591.0595703125,10591.0595703125,70159400
10666.16015625,10751.66015625,10650.6396484375,10740.2197265625,10740.2197265625,46901200
10755.91015625,10857.0498046875,10748.900390625,10803.5703125,10803.5703125,51701500
10866.509765625,10887.509765625,10762.830078125,10775.6796875,10775.6796875,46200500
10739.2001953125,10866.6298828125,10731.6796875,10860.9501953125,10860.9501953125,53655400
10855.599609375,10857.0,10745.0302734375,10755.4697265625,10755.4697265625,43441300
10803.9697265625,10844.1103515625,10778.830078125,10778.830078125,10778.830078125,44225100
10757.1396484375,10817.7099609375,10735.16015625,10803.669921875,10803.669921875,40861800
10818.1396484375,10900.1103515625,10774.9404296875,10825.75,10825.75,42872800
10821.7802734375,10881.169921875,10813.0,10852.91015625,10852.91015625,33699400
10836.599609375,10890.8203125,10816.7099609375,10880.3701171875,10880.3701171875,31203400
10924.599609375,10953.419921875,10900.1796875,10907.599609375,10907.599609375,40831000
10809.830078125,10834.259765625,10714.5595703125,10717.7099609375,10717.7099609375,51069500
10744.3701171875,10773.76953125,10704.75,10704.75,10704.75,60375700
10632.1103515625,10716.26953125,10610.650390625,10697.3798828125,10697.3798828125,46867500
10702.0595703125,10729.740234375,10529.0302734375,10609.0302734375,10609.0302734375,51072400
10630.58984375,10771.25,10626.76953125,10727.7001953125,10727.7001953125,59226200
10745.2001953125,10746.08984375,10656.650390625,10658.8701171875,10658.8701171875,46972600
10532.3095703125,10686.01953125,10513.4296875,10522.2197265625,10522.2197265625,64961800
10659.259765625,10713.41015625,10606.080078125,10706.58984375,10706.58984375,47871700
10713.1201171875,10855.990234375,10704.3798828125,10817.150390625,10817.150390625,55409100
10720.23046875,10769.3798828125,10688.3095703125,10750.08984375,10750.08984375,54422700
10657.8798828125,10691.5302734375,10607.7900390625,10607.7900390625,10607.7900390625,55107700
10687.66015625,10838.2900390625,10659.0703125,10830.3798828125,10830.3798828125,55306400
10775.0703125,10857.9697265625,10746.7099609375,10857.9697265625,10857.9697265625,53954400
10801.23046875,10933.8896484375,10788.33984375,10909.76953125,10909.76953125,46792000
10894.83984375,10917.740234375,10859.5,10883.23046875,10883.23046875,51944900
10850.3896484375,10872.2099609375,10830.2802734375,10839.9296875,10839.9296875,49626500
10858.5,10905.1904296875,10842.830078125,10867.330078125,10867.330078125,45830100
10925.0498046875,10968.5400390625,10916.0,10944.48046875,10944.48046875,485900
10934.4697265625,10947.3896484375,10881.5,10922.490234375,10922.490234375,508800
10912.75,10983.23046875,10896.41015625,10973.759765625,10973.759765625,68762600
10915.4697265625,10975.900390625,10891.669921875,10967.3701171875,10967.3701171875,143857700
10931.5595703125,11048.580078125,10928.33984375,11048.580078125,11048.580078125,51626500
11030.8896484375,11118.330078125,11016.2099609375,11098.66015625,11098.66015625,48422000
11048.58984375,11106.9404296875,11033.3701171875,11063.8701171875,11063.8701171875,43812200
11026.650390625,11102.7802734375,11017.3203125,11098.8095703125,11098.8095703125,52085500
11113.900390625,11143.8603515625,11091.6298828125,11116.8095703125,11116.8095703125,46264000
11127.740234375,11132.0,11058.6904296875,11089.599609375,11089.599609375,117373800
11110.6396484375,11138.1103515625,11079.8798828125,11121.419921875,11121.419921875,79382900
11114.8896484375,11123.259765625,11047.01953125,11047.3701171875,11047.3701171875,76397500
11102.2900390625,11141.2001953125,11080.5595703125,11118.0302734375,11118.0302734375,53530400
11170.599609375,11213.7900390625,11142.669921875,11182.9501953125,11182.9501953125,80579800
11147.3701171875,11163.33984375,11108.330078125,11128.1796875,11128.1796875,53400300
11129.1396484375,11206.8798828125,11128.669921875,11206.8798828125,11206.8798828125,45600000
11206.849609375,11247.009765625,11190.7001953125,11238.51953125,11238.51953125,59491200
11220.76953125,11238.3798828125,11166.3203125,11181.349609375,11181.349609375,43543800
11174.080078125,11180.9599609375,11094.83984375,11122.3701171875,11122.3701171875,49992700
11135.6904296875,11182.330078125,11121.8701171875,11156.2099609375,11156.2099609375,54605000
11160.900390625,11226.25,11156.5595703125,11198.7001953125,11198.7001953125,51925500
11198.580078125,11262.9697265625,11169.009765625,11262.9697265625,11262.9697265625,60213200
11245.009765625,11266.7802734375,11183.5595703125,11209.83984375,11209.83984375,47832700
11203.080078125,11216.349609375,11065.8701171875,11078.98046875,11078.98046875,53953700
11119.4404296875,11229.150390625,11117.6201171875,11209.08984375,11209.08984375,57623700
11214.23046875,11254.91015625,11197.5400390625,11224.900390625,11224.900390625,99097900
11211.91015625,11217.8896484375,11130.3095703125,11200.5400390625,11200.5400390625,60883900
11194.400390625,11201.7998046875,11131.1904296875,11162.08984375,11162.08984375,54299300
11147.580078125,11178.419921875,11068.23046875,11092.080078125,11092.080078125,61400400
11106.8203125,11126.6904296875,11070.7197265625,11103.4599609375,11103.4599609375,50802200
11137.1796875,11162.2001953125,11064.2802734375,11079.509765625,11079.509765625,49377400
11103.990234375,11123.349609375,11022.33984375,11022.33984375,11022.33984375,48384300
11072.5400390625,11148.0595703125,11056.7099609375,11119.0,11119.0,34465500
11123.4404296875,11144.830078125,10959.7802734375,10970.9296875,10970.9296875,49994300
11129.849609375,11139.6298828125,11062.6904296875,11111.099609375,11111.099609375,49963800
11140.830078125,11173.5703125,11106.419921875,11173.5703125,11173.5703125,47442300
11157.759765625,11159.080078125,11086.98046875,11123.669921875,11123.669921875,40932200
11014.330078125,11069.240234375,10981.7998046875,11033.900390625,11033.900390625,47616100
11101.48046875,11129.8701171875,11066.599609375,11120.76953125,11120.76953125,41027200
11133.2998046875,11163.990234375,11084.51953125,11135.3701171875,11135.3701171875,39926000
11178.4697265625,11205.6904296875,11116.2998046875,11141.75,11141.75,36718300
11060.740234375,11099.5400390625,10993.7197265625,11045.2001953125,11045.2001953125,46757000
11091.3203125,11152.080078125,11054.419921875,11152.080078125,11152.080078125,42271500
11205.8095703125,11239.2001953125,11138.900390625,11225.580078125,11225.580078125,43988800
11325.419921875,11382.3203125,11310.419921875,11348.740234375,11348.740234375,40702000
11341.1904296875,11408.6103515625,11321.1103515625,11340.26953125,11340.26953125,77076000
11345.400390625,11443.9697265625,11326.75,11426.150390625,11426.150390625,40919400
11415.2001953125,11501.349609375,11389.8798828125,11434.8798828125,11434.8798828125,38214700
11455.7900390625,11495.3095703125,11455.5400390625,11470.349609375,11470.349609375,32650400
11445.7998046875,11510.599609375,11424.8095703125,11510.599609375,11510.599609375,31906400
11514.9501953125,11570.6796875,11505.2099609375,11570.6796875,11570.6796875,29857200
11535.8798828125,11641.3095703125,11530.6396484375,11630.66015625,11630.66015625,29567100
11664.23046875,11702.919921875,11647.0498046875,11656.8896484375,11656.8896484375,42707900
11639.599609375,11788.099609375,11630.509765625,11788.099609375,11788.099609375,36219900
11798.98046875,11873.6298828125,11783.41015625,11841.2998046875,11841.2998046875,35631000
11871.1298828125,11895.5400390625,11837.8896484375,11866.41015625,11866.41015625,30023700
11902.5400390625,11963.599609375,11892.4697265625,11921.9697265625,11921.9697265625,34317900
11935.259765625,11995.8203125,11923.3095703125,11982.0302734375,11982.0302734375,43487400
11943.7099609375,12017.759765625,11914.51953125,12011.1103515625,12011.1103515625,53742700
12023.2802734375,12072.1103515625,11930.98046875,11941.25,11941.25,148055100
11882.5400390625,11995.6298828125,11874.1103515625,11995.6298828125,11995.6298828125,39384200
11983.259765625,11991.3095703125,11913.4404296875,11982.48046875,11982.48046875,34162400
11965.08984375,11988.0,11898.6201171875,11898.6201171875,11898.6201171875,37293700
11929.91015625,12010.58984375,11925.91015625,11993.6396484375,11993.6396484375,39141800
11974.5302734375,12003.6904296875,11970.4404296875,11999.7001953125,11999.7001953125,32556100
11997.6396484375,12035.9501953125,11986.8798828125,12009.169921875,12009.169921875,30879200
12015.580078125,12071.2900390625,12012.41015625,12028.4501953125,12028.4501953125,32486000
12022.5703125,12034.919921875,11931.48046875,11942.7197265625,11942.7197265625,37611300
11993.98046875,12015.66015625,11901.8603515625,11977.0302734375,11977.0302734375,29583100
12023.4599609375,12061.580078125,11939.8203125,11964.83984375,11964.83984375,30848200
11959.6904296875,12025.4404296875,11933.4697265625,11965.2197265625,11965.2197265625,30616700
11990.4697265625,12085.509765625,11990.4697265625,12085.509765625,12085.509765625,34846200
12034.51953125,12035.509765625,11863.8095703125,11924.66015625,11924.66015625,46662900
11949.9697265625,12005.4501953125,11935.490234375,11989.8095703125,11989.8095703125,38359200
11979.8603515625,12081.6201171875,11959.9296875,12081.6201171875,12081.6201171875,30658300
12061.080078125,12078.919921875,12019.8603515625,12071.0498046875,12071.0498046875,30458200
12038.8095703125,12060.4599609375,11985.7900390625,12043.349609375,12043.349609375,28712900
12025.48046875,12059.6298828125,11960.6298828125,11976.7900390625,11976.7900390625,32426200
12022.5498046875,12057.0302734375,11969.6298828125,12026.5,12026.5,34846300
11957.3701171875,11979.3203125,11799.23046875,11862.080078125,11862.080078125,49569500
11929.3203125,11985.8896484375,11900.2001953125,11945.6796875,11945.6796875,44864000
12020.2900390625,12048.5498046875,11983.23046875,12021.580078125,12021.580078125,43445000
12056.3896484375,12060.16015625,11927.6201171875,11977.0,11977.0,35470900
12033.0400390625,12142.599609375,12016.169921875,12130.830078125,12130.830078125,30945700
12099.1796875,12099.1796875,12027.4697265625,12049.6298828125,12049.6298828125,32066900
12002.830078125,12043.3798828125,11940.7998046875,12021.08984375,12021.08984375,29190200
12055.9697265625,12080.150390625,12032.9697265625,12073.23046875,12073.23046875,26441600
12033.5400390625,12115.5595703125,12024.3701171875,12086.740234375,12086.740234375,45240200
12005.91015625,12146.6796875,11998.580078125,12116.8203125,12116.8203125,40744000
12165.2099609375,12194.3701171875,12124.3603515625,12171.01953125,12171.01953125,34491000
12170.1396484375,12215.6201171875,12139.8095703125,12163.2197265625,12163.2197265625,31881900
12201.9697265625,12214.1904296875,12169.8896484375,12178.740234375,12178.740234375,29660400
12185.8701171875,12211.6298828125,12167.240234375,12199.8203125,12199.8203125,29806400
12198.400390625,12215.580078125,12149.6796875,12176.2998046875,12176.2998046875,32601400
12211.7099609375,12321.3701171875,12211.51953125,12310.75,12310.75,24012500
12305.4599609375,12382.7099609375,12305.2998046875,12361.6904296875,12361.6904296875,26956900
12385.4404296875,12426.150390625,12361.490234375,12387.900390625,12387.900390625,28623600
12412.41015625,12443.58984375,12405.8095703125,12429.169921875,12429.169921875,27423800
12452.0,12478.66015625,12442.0703125,12464.4404296875,12464.4404296875,21459200
12431.5302734375,12442.7802734375,12376.0595703125,12419.1396484375,12419.1396484375,31025600
12412.009765625,12496.9501953125,12392.66015625,12477.4404296875,12477.4404296875,28522200
12458.3701171875,12573.4296875,12456.919921875,12545.349609375,12545.349609375,30905500
12453.1103515625,12453.6103515625,12296.9501953125,12403.580078125,12403.580078125,41872700
12409.919921875,12427.2998046875,12327.2900390625,12415.66015625,12415.66015625,34594300
12483.91015625,12490.509765625,12423.73046875,12476.8701171875,12476.8701171875,24797300
12505.9697265625,12524.099609375,12409.1298828125,12436.66015625,12436.66015625,28337000
12436.5400390625,12447.419921875,12325.8095703125,12364.5703125,12364.5703125,32918900
12344.490234375,12424.25,12329.76953125,12409.0302734375,12409.0302734375,25313600
12390.419921875,12453.1201171875,12381.7900390625,12439.0,12439.0,23217600
12419.8701171875,12444.58984375,12404.349609375,12436.580078125,12436.580078125,21042600
12457.4404296875,12494.650390625,12398.33984375,12411.1103515625,12411.1103515625,55904300
12472.0400390625,12491.1796875,12415.7998046875,12432.7900390625,12432.7900390625,36177600
12440.51953125,12469.26953125,12424.75,12432.4599609375,12432.4599609375,27198900
12432.0400390625,12436.2099609375,12296.1201171875,12351.83984375,12351.83984375,30421300
12383.259765625,12448.4501953125,12378.919921875,12430.23046875,12430.23046875,26128800
12420.330078125,12420.330078125,12322.6796875,12344.3798828125,12344.3798828125,32887900
12251.0400390625,12255.8896484375,12155.6298828125,12215.1396484375,12215.1396484375,38254100
12157.669921875,12189.6796875,12108.1904296875,12116.4296875,12116.4296875,38788900
12128.26953125,12158.9296875,12049.9404296875,12060.6396484375,12060.6396484375,31418500
12088.6298828125,12168.51953125,12074.8095703125,12074.8095703125,12074.8095703125,30952600
12077.400390625,12129.73046875,12053.2001953125,12097.2802734375,12097.2802734375,33220900
12091.599609375,12091.599609375,11977.990234375,11984.830078125,11984.830078125,44452500
12031.16015625,12099.259765625,12024.669921875,12028.4404296875,12028.4404296875,36687600
12116.6396484375,12128.7099609375,11929.6103515625,11935.5302734375,11935.5302734375,93998000
11787.1796875,11818.419921875,11643.419921875,11766.419921875,11766.419921875,74303700
11793.8095703125,11845.8798828125,11765.4404296875,11789.169921875,11789.169921875,45103700
11855.5703125,11876.8896484375,11797.990234375,11837.5703125,11837.5703125,43330100
11930.6796875,11978.419921875,11905.0,11938.6201171875,11938.6201171875,32377900
11907.8203125,11928.509765625,11805.509765625,11817.2001953125,11817.2001953125,29207200
11880.509765625,11881.6103515625,11691.1796875,11691.1796875,11691.1796875,37626400
11652.240234375,11663.4599609375,11465.58984375,11485.580078125,11485.580078125,42850400
11592.990234375,11656.3603515625,11571.0,11628.330078125,11628.330078125,35365100
11726.419921875,11734.6103515625,11586.2998046875,11642.4501953125,11642.4501953125,41747000
11491.080078125,11581.9296875,11450.66015625,11575.3701171875,11575.3701171875,39389900
11537.419921875,11641.599609375,11536.490234375,11582.349609375,11582.349609375,33456200
11553.5302734375,11617.3203125,11550.01953125,11587.0,11587.0,31282300
11530.349609375,11577.8095703125,11381.740234375,11569.3896484375,11569.3896484375,36402800
11688.4501953125,11771.7099609375,11677.9404296875,11763.6396484375,11763.6396484375,43403500
11751.169921875,11770.150390625,11690.5498046875,11764.990234375,11764.990234375,34056300
11743.8203125,11779.73046875,11699.169921875,11771.5703125,11771.5703125,25855900
11665.0400390625,11803.8203125,11645.4296875,11756.759765625,11756.759765625,27957400
11711.009765625,11827.9404296875,11677.8701171875,11814.58984375,11814.58984375,35664600
11849.7197265625,11892.51953125,11786.25,11892.51953125,11892.51953125,35804600
11910.4501953125,11970.6298828125,11876.900390625,11961.33984375,11961.33984375,37327000
11949.8203125,11980.169921875,11916.4296875,11968.080078125,11968.080078125,26580300
11972.5,11975.0498046875,11862.990234375,11942.740234375,11942.740234375,29007700
12002.01953125,12062.2001953125,11995.2001953125,12013.150390625,12013.150390625,34986100
11959.4501953125,12053.0,11959.4501953125,12039.1396484375,12039.1396484375,34876200
12036.490234375,12073.4697265625,12020.990234375,12056.2099609375,12056.2099609375,27404400
12051.3203125,12063.169921875,11992.849609375,12063.169921875,12063.169921875,31718800
12124.759765625,12146.51953125,12084.7998046875,12146.51953125,12146.51953125,37680600
12135.099609375,12141.01953125,12075.8701171875,12087.4501953125,12087.4501953125,34644000
12075.669921875,12153.099609375,12064.2099609375,12153.099609375,12153.099609375,37475500
12097.9599609375,12109.3896484375,12041.83984375,12108.169921875,12108.169921875,39522300
12174.919921875,12216.330078125,12133.759765625,12216.330078125,12216.330078125,48052200
12208.33984375,12321.0,12191.75,12321.0,12321.0,32714300
12312.1904296875,12383.26953125,12277.3203125,12383.26953125,12383.26953125,42025200
12496.76953125,12512.1201171875,12400.08984375,12403.0498046875,12403.0498046875,48899900
12386.2099609375,12470.1298828125,12321.26953125,12321.849609375,12321.849609375,39793500
12349.759765625,12392.4404296875,12327.6201171875,12353.349609375,12353.349609375,31395800
12324.919921875,12410.5498046875,12315.08984375,12367.51953125,12367.51953125,32268300
12371.490234375,12427.6396484375,12361.1298828125,12401.400390625,12401.400390625,34502000
12354.3896484375,12462.6201171875,12348.1796875,12421.080078125,12421.080078125,31407600
12418.66015625,12516.0498046875,12418.66015625,12516.0498046875,12516.0498046875,32992300
12492.73046875,12544.3701171875,12485.849609375,12517.1201171875,12517.1201171875,25646200
12505.240234375,12574.48046875,12482.349609375,12557.33984375,12557.33984375,35364800
12555.83984375,12605.6904296875,12533.9404296875,12600.150390625,12600.150390625,37959300
12622.83984375,12625.8095703125,12537.599609375,12553.1904296875,12553.1904296875,35809000
12577.0703125,12622.91015625,12543.1103515625,12545.009765625,12545.009765625,52953700
12535.099609375,12571.75,12491.25,12510.8095703125,12510.8095703125,39452500
12458.6904296875,12458.6904296875,12336.8603515625,12366.73046875,12366.73046875,40782300
12396.650390625,12424.75,12336.7998046875,12395.7197265625,12395.7197265625,32061100
12428.33984375,12468.16015625,12410.8896484375,12449.6796875,12449.6796875,20899800
12161.0,12304.5703125,12157.5,12199.2099609375,12199.2099609375,60308000
12223.259765625,12285.7998046875,12193.759765625,12220.740234375,12220.740234375,42208700
12145.1201171875,12234.830078125,12071.669921875,12159.6904296875,12159.6904296875,100668400
12207.759765625,12292.8603515625,12139.240234375,12266.4599609375,12266.4599609375,37654500
12207.5595703125,12211.1201171875,12093.3701171875,12177.51953125,12177.51953125,41804300
12234.5400390625,12296.08984375,12146.099609375,12175.76953125,12175.76953125,38486500
12276.1904296875,12407.990234375,12230.7001953125,12375.349609375,12375.349609375,41649900
12457.9599609375,12531.7099609375,12436.16015625,12513.6201171875,12513.6201171875,42630100
12579.9599609375,12687.849609375,12573.6201171875,12597.4296875,12597.4296875,36864500
12620.2197265625,12639.41015625,12572.0498046875,12607.6298828125,12607.6298828125,30061800
12572.0595703125,12637.240234375,12520.7900390625,12607.73046875,12607.73046875,27548100
12607.830078125,12637.2099609375,12551.2802734375,12551.2802734375,12551.2802734375,38956500
12607.8095703125,12619.9599609375,12411.580078125,12411.580078125,12411.580078125,32956900
12435.9404296875,12533.7197265625,12432.1396484375,12530.9501953125,12530.9501953125,35515900
12704.91015625,12823.2998046875,12692.25,12790.8896484375,12790.8896484375,49866400
12787.7197265625,12787.7197265625,12652.2802734375,12715.48046875,12715.48046875,88796700
12548.2099609375,12622.9296875,12467.7197265625,12589.8896484375,12589.8896484375,44341500
12675.58984375,12706.8603515625,12624.1396484375,12682.5302734375,12682.5302734375,35391800
12681.400390625,12713.900390625,12601.509765625,12713.900390625,12713.900390625,23737300
12717.330078125,12787.9599609375,12695.58984375,12785.3203125,12785.3203125,25194700
12742.73046875,12893.3896484375,12742.1298828125,12866.900390625,12866.900390625,17421800
12888.5302734375,12977.2099609375,12885.509765625,12970.5302734375,12970.5302734375,16142900
12953.3203125,12966.2998046875,12877.990234375,12926.5595703125,12926.5595703125,17872600
12925.6904296875,12980.1396484375,12875.66015625,12875.66015625,12875.66015625,20457100
12934.419921875,12997.150390625,12905.5302734375,12939.169921875,12939.169921875,30070400
12977.58984375,12979.759765625,12884.48046875,12900.9697265625,12900.9697265625,38722000
12868.0,12906.3701171875,12825.900390625,12906.3701171875,12906.3701171875,33319300
12754.509765625,12816.1201171875,12728.4404296875,12792.2802734375,12792.2802734375,40330300
12754.41015625,12821.4404296875,12715.490234375,12797.9404296875,12797.9404296875,42708300
12802.759765625,12811.169921875,12560.7001953125,12597.349609375,12597.349609375,50021100
12740.599609375,12772.6298828125,12691.2998046875,12709.7099609375,12709.7099609375,45521100
12737.8896484375,12740.6103515625,12629.3798828125,12670.4697265625,12670.4697265625,38966100
12626.509765625,12662.4501953125,12589.4599609375,12620.4404296875,12620.4404296875,35179000
12512.2998046875,12596.4296875,12506.580078125,12525.6298828125,12525.6298828125,35254800
12560.919921875,12657.5703125,12547.009765625,12633.2099609375,12633.2099609375,33568500
12556.1396484375,12562.0,12484.4404296875,12529.5595703125,12529.5595703125,38853100
12465.2802734375,12570.0595703125,12448.4404296875,12525.6904296875,12525.6904296875,41889400
12510.0302734375,12575.3896484375,12449.1904296875,12560.7001953125,12560.7001953125,33591900
12433.2900390625,12467.01953125,12304.01953125,12355.5400390625,12355.5400390625,56612000
12292.6298828125,12304.2099609375,11878.26953125,11881.2998046875,11881.2998046875,78440500
11914.330078125,11996.169921875,11867.7802734375,11945.6904296875,11945.6904296875,59880000
12053.1796875,12161.2099609375,12042.4501953125,12098.259765625,12098.259765625,46058100
11924.66015625,12205.25,11917.7099609375,12176.900390625,12176.900390625,47700000
12154.759765625,12166.8701171875,11958.6904296875,12104.4404296875,12104.4404296875,44822800
12201.8896484375,12291.900390625,12175.7802734375,12226.7001953125,12226.7001953125,46861100
12338.5400390625,12408.7998046875,12304.830078125,12359.7998046875,12359.7998046875,57512100
12337.51953125,12414.419921875,12324.919921875,12360.3701171875,12360.3701171875,56340600
12269.919921875,12349.3095703125,12205.0498046875,12234.150390625,12234.150390625,49183800
12289.8896484375,12305.7900390625,12121.6201171875,12140.25,12140.25,41373300
12193.3798828125,12214.33984375,12110.400390625,12193.8095703125,12193.8095703125,38826300
12218.41015625,12256.5595703125,12131.51953125,12155.66015625,12155.66015625,41798400
12260.349609375,12422.9501953125,12259.83984375,12367.8203125,12367.8203125,46249900
12377.51953125,12391.41015625,12279.599609375,12313.16015625,12313.16015625,81135300
12220.8701171875,12291.650390625,12186.25,12231.9697265625,12231.9697265625,47523000
12050.2099609375,12088.2197265625,11924.5498046875,12026.3701171875,12026.3701171875,56321900
12016.0703125,12210.599609375,12016.0703125,12181.8603515625,12181.8603515625,44583400
12212.6796875,12268.669921875,12166.099609375,12191.5703125,12191.5703125,34605200
12184.83984375,12197.8603515625,12032.73046875,12075.26953125,12075.26953125,41357900
12100.169921875,12157.6201171875,11981.0595703125,12010.08984375,12010.08984375,45659000
12055.7197265625,12095.2197265625,11852.990234375,11891.8798828125,11891.8798828125,46645300
11695.1796875,11979.4599609375,11687.5595703125,11959.3896484375,11959.3896484375,53590300
11988.7998046875,12125.16015625,11941.8896484375,11941.8896484375,11941.8896484375,38248400
11641.66015625,11736.23046875,11480.759765625,11636.759765625,11636.759765625,87801500
11672.01953125,11995.9599609375,11665.2900390625,11987.3095703125,11987.3095703125,72140000
11857.8603515625,11989.9501953125,11842.759765625,11986.7802734375,11986.7802734375,75288800
11987.4404296875,12021.7197265625,11789.75,11862.2802734375,11862.2802734375,72009200
11784.8603515625,11906.75,11668.9599609375,11871.58984375,11871.58984375,76002100
11838.9296875,11878.1298828125,11658.830078125,11675.7001953125,11675.7001953125,57692100
11592.759765625,11609.5302734375,11291.83984375,11300.1298828125,11300.1298828125,90559500
11154.330078125,11299.9296875,10871.240234375,11204.669921875,11204.669921875,97185400
11116.9599609375,11370.8798828125,10958.5302734375,11057.0595703125,11057.0595703125,96813300
11175.8896484375,11493.3603515625,11164.6298828125,11493.3603515625,11493.3603515625,90776000
11517.1796875,11546.3203125,11388.73046875,11391.099609375,11391.099609375,63392600
11444.0400390625,11674.0498046875,11381.6796875,11495.6904296875,11495.6904296875,66683200
11514.3095703125,11697.419921875,11494.990234375,11678.9404296875,11678.9404296875,54495700
11599.48046875,11702.599609375,11510.490234375,11682.2197265625,11682.2197265625,52958700
11832.5703125,11980.3203125,11821.9697265625,11900.9599609375,11900.9599609375,65912900
11926.6103515625,12061.8701171875,11889.2802734375,12061.8701171875,12061.8701171875,57508900
12075.83984375,12184.990234375,11997.599609375,12184.990234375,12184.990234375,116916000
12164.4404296875,12202.2900390625,12110.58984375,12171.2802734375,12171.2802734375,40956500
12161.1103515625,12232.169921875,12101.349609375,12202.6201171875,12202.6201171875,39177100
12212.599609375,12243.599609375,12096.4501953125,12099.5,12099.5,34592600
12108.849609375,12147.9599609375,12069.099609375,12131.4501953125,12131.4501953125,40176600
12136.2197265625,12169.1396484375,12072.0595703125,12121.669921875,12121.669921875,29417400
12159.0703125,12264.9296875,12151.240234375,12155.9501953125,12155.9501953125,44342800
12234.1103515625,12388.7900390625,12198.0400390625,12325.580078125,12325.580078125,55819700
12268.66015625,12327.9501953125,12225.2099609375,12243.73046875,12243.73046875,44515100
12293.0595703125,12300.669921875,12161.5302734375,12161.5302734375,12161.5302734375,51011200
12157.169921875,12212.6201171875,12136.0498046875,12179.080078125,12179.080078125,34751300
12263.1396484375,12340.8701171875,12211.8095703125,12340.8701171875,12340.8701171875,37401400
12353.51953125,12380.5703125,12300.169921875,12376.9697265625,12376.9697265625,43808100
12375.83984375,12395.8896484375,12247.4599609375,12320.099609375,12320.099609375,50006800
12392.8896484375,12472.080078125,12353.2802734375,12372.4599609375,12372.4599609375,47636000
12488.919921875,12507.6904296875,12422.509765625,12507.6904296875,12507.6904296875,45452800
12514.76953125,12569.9697265625,12463.2197265625,12528.6103515625,12528.6103515625,53096400
12402.650390625,12433.9697265625,12337.0498046875,12378.8701171875,12378.8701171875,47609900
12364.48046875,12394.8896484375,12315.76953125,12378.6796875,12378.6796875,35962300
12384.4697265625,12496.9697265625,12375.7099609375,12475.080078125,12475.080078125,42243100
12363.5400390625,12383.669921875,12212.1298828125,12281.419921875,12281.419921875,43813400
12287.5703125,12341.08984375,12284.6904296875,12310.169921875,12310.169921875,46405800
